板块名称,问题,答案
security_duty,什么是一级勤务等级？什么情况下启动？,一级勤务是最高安保等级，通常在重大节日、重要领导人视察或发生特别重大安全事件时启动。一级勤务要求全员在岗、双倍巡逻频次（每30分钟一次），所有出入口增设双人双岗，指挥中心主任24小时值守，各岗位每15分钟通过对讲机报告一次情况，严禁任何人员请假外出。
security_duty,二级勤务和一级勤务有什么区别？,二级勤务属于较高等级，通常在重要活动期间或接到上级预警通知时启动。与一级勤务的主要区别：巡逻频次为每小时一次（一级为每30分钟）；出入口保持正常岗位配置但加强检查力度；允许不超过10%的人员轮休；指挥中心主任在岗带班但不要求24小时值守；各岗位每30分钟报告一次情况。
security_duty,三级勤务等级是什么标准？日常是怎么安排的？,三级勤务是日常基础勤务等级，适用于正常工作期间。标准要求：按照编制人数的80%在岗值班，巡逻频次为每2小时一次，各出入口设置标准岗值守，指挥中心主任每日带班检查。三级勤务状态下，队员可按照排班表正常轮休，但须保持通讯畅通，遇有紧急情况须在30分钟内返岗。
security_duty,勤务等级调整由谁决定？调整流程是怎样的？,勤务等级调整由项目经理或客户单位安全主管部门提出，报公司运营管理中心审批。流程为：首先由需求方填写《勤务等级调整申请表》，说明调整原因和预计持续时间；然后运营管理中心在2小时内完成审核；批准后由项目经理下达《勤务等级调整通知单》，各中队在接到通知后15分钟内完成岗位调整；等级解除时同样需要书面通知。
security_duty,门卫对进入人员的检查流程是什么？,门卫对进入人员应按照以下步骤检查：第一步，礼貌问好并询问来访事由；第二步，请来访人员出示有效身份证件并进行实名登记，记录姓名、单位、事由、进出时间；第三步，通过对讲机与被访人员确认；第四步，使用手持金属探测器对来访人员进行检查；第五步，检查携带物品，必要时开包检查；第六步，发放访客证并指引路线。整个过程不超过3分钟。
security_duty,车辆出入检查有哪些具体要求？,车辆出入检查要求如下：驶入车辆须在检查站前完全停车，驾驶员摇下车窗接受检查。门卫需核实车辆通行证，无通行证车辆须登记车牌号、驾驶员信息、事由。使用车底检查镜对车辆底部进行检查，使用后视镜检查车内情况。对后备箱须要求打开检查，核对携带物品与出门条是否一致。检查完毕后抬杆放行，记录通行时间。整个过程须在监控覆盖区域内完成。
security_duty,遇到无证人员强行闯入门卫怎么办？,遇到无证人员强行闯入时，门卫应当：第一，立即口头警告对方停止并表明身份；第二，迅速关闭大门或通道，利用道闸、路障等设施进行物理阻拦；第三，立即通过对讲机向班长和监控中心报告，说明闯入人员特征、方向和人数；第四，启动录像设备固定证据；第五，班长接到报告后2分钟内赶赴现场处置；第六，如闯入人员携带危险物品或具有暴力倾向，立即拨打110报警并启动应急预案。
security_duty,访客证件管理制度是怎样的？,访客证件管理实行一人一证、当日有效的原则。访客到达时，门卫在登记系统中录入信息后发放带编号的访客证，访客证须全程佩戴在胸前显眼位置。访客离开时须将访客证交回门卫注销，遗失须赔偿工本费20元。访客证分为白色（普通访客）、蓝色（商务来访）、黄色（施工维修）三种颜色，不同颜色对应不同活动区域权限。每日下班前门卫须统计当日访客数量并上报。
security_duty,巡逻路线是怎么制定的？多久调整一次？,巡逻路线由项目经理会同客户单位安全部门根据区域风险等级共同制定。制定原则：重点部位（如财务室、机房、仓库）必到，监控盲区必到，偏僻角落必到，消防通道必到。路线设计采用不走重复路的环形路线，确保覆盖率达100%。巡逻路线每3个月评估调整一次，遇有重大活动或安全形势变化时随时调整。巡逻路线信息属于内部保密资料，严禁向无关人员透露。
security_duty,巡逻过程中需要做好哪些记录？,巡逻人员须携带巡逻记录本，每到一处打卡点须使用电子巡更棒打卡并手工记录。记录内容包括：巡逻时间（精确到分钟）、巡逻人姓名及编号、到达各打卡点时间、发现的异常情况（如设施损坏、可疑人员、安全隐患等）、处理措施及结果。每次巡逻结束后30分钟内将记录交班长审阅签字。电子巡更数据每周导出一次，由项目经理存档备查，保存期限不少于12个月。
security_duty,夜间巡逻有什么特殊要求？,夜间巡逻（22:00至次日6:00）有以下特殊要求：必须双人编组巡逻，严禁单人行动；巡逻间隔不超过1小时；巡逻时须携带强光手电、对讲机和防暴叉；经过照明不良区域时须先观察再通过；每30分钟向监控中心报告位置和情况；发现可疑情况时一人监视一人报告；重点关注围墙周边、停车场、设备间等区域。夜间巡逻人员额外享受夜班补贴每班次15元。
security_duty,电子巡更系统出现故障怎么处理？,电子巡更系统出现故障时，巡逻人员应当在到达每个打卡点时使用纸质记录方式替代，记录到达时间和位置，并由同组巡逻人员互相签字确认。同时立即向班长报告故障情况，班长通知技术人员在1小时内到场检修。故障修复后，班长须核实故障期间的巡逻记录是否完整并签字确认。故障超过4小时无法修复的，须启用备用巡更设备，备用设备存放在监控中心保险柜内。
security_duty,交接班的具体流程是什么？,交接班须在岗位现场进行，提前15分钟到达交接。流程如下：第一，交接双方共同检查岗位设施设备是否完好，包括对讲机、监控设备、门禁系统、消防器材等；第二，交班人员说明本班次发生的情况和未完成事项；第三，双方共同检查岗位记录本是否填写完整；第四，清点器材数量并确认完好状态；第五，双方在交接记录本上签字确认；第六，交班人员方可离开岗位。如接班人员未到，交班人员不得离岗，须立即向班长报告。
security_duty,交接班时发现器材损坏怎么处理？,交接班时发现器材损坏，接交方应当场拒绝接收并在交接记录上注明情况。交班方须立即向班长报告，由班长在15分钟内到场核实处理。损坏器材须填写《器材损坏报告单》，注明损坏时间、原因、损坏程度。如属人为损坏，由责任人承担赔偿责任，按器材原价的50%-100%赔偿。在损坏器材未修复或未配发替代品之前，该岗位须增派人员加强值守。
security_duty,交接班时正好遇到突发事件怎么办？,交接班时遇到突发事件，交班人员必须继续履行职责，接班人员立即协助参与处置，不得以交接未完成为由推诿。待事件处置完毕或态势稳定后，再继续完成交接程序。处置过程中，交班人员为现场主处置人，接班人员为协助人。事后双方须分别撰写事件报告，详细记录各自参与处置的过程和采取的措施。
security_duty,发现可疑人员在目标区域徘徊应该怎么处置？,发现可疑人员应遵循观察、报告、跟踪、处置四步流程。首先保持安全距离观察可疑人员的外貌特征、行为举止和携带物品；其次立即通过对讲机向班长和监控中心报告，说明具体位置和可疑行为；然后在确保安全的前提下持续跟踪监视，防止其进入核心区域；最后由班长带领处置人员到场盘问，查验身份证件。如对方拒不配合或发现违法证据，立即控制现场并报警。全程须保持录像取证。
security_duty,执勤中发现火情应该如何处置？,发现火情后立即执行以下流程：第一，大声呼叫通知周围人员并报告监控中心，说明起火位置、火势大小和燃烧物质；第二，在确保自身安全的前提下，使用就近灭火器进行初期扑救（电气火灾用干粉灭火器，普通固体火灾用水基灭火器）；第三，如火势无法控制，立即拨打119报警并启动消防应急预案；第四，组织疏散周围人员，引导从最近的安全出口撤离；第五，派人在主要路口引导消防车进入；第六，保护火灾现场，协助后续调查。消防演练每半年至少组织一次。
security_duty,遇到群体性事件冲击目标区域怎么处置？,遇到群体性事件冲击时：第一，立即关闭所有出入口，启动一级勤务响应；第二，迅速集结备勤人员组成人墙封锁关键通道，但严禁使用暴力手段驱散；第三，项目经理10分钟内到场指挥，同时通知客户单位负责人；第四，安排专人全程录像取证；第五，拨打110请求公安机关支援，报告对方人数、情绪状态和可能采取的行动；第六，做好通讯记录，所有指令和情况变化须详细记录在案；第七，事态平息后撰写专题报告，24小时内上报公司。
security_duty,发现爆炸物或可疑包裹怎么处理？,发现爆炸物或可疑包裹严禁触碰，应按以下步骤处置：第一，立即设置以可疑物为中心半径50米的警戒线，疏散警戒区内所有人员；第二，报告监控中心和项目经理，同时拨打110和119；第三，关闭附近可能引发爆炸的电子设备（包括对讲机须在安全距离外使用）；第四，安排人员在安全距离外设置观察哨，禁止任何人进入警戒区；第五，准备消防水源和灭火器材以备应急；第六，配合警方排爆人员到场处置，提供现场情况说明。
security_duty,保安员的排班制度是怎样的？,保安员排班实行三班两运转或四班三运转模式。三班两运转为早班（8:00-16:00）、中班（16:00-24:00）、夜班（0:00-8:00），三个班组轮换，每组连续上6天休2天。四班三运转为四个班组轮流承担三个班次，每组工作4天休息2天，劳动强度更低。排班表由班长于每月25日前编制下月排班表，经项目经理审批后于每月28日前公示。队员如需调班须提前24小时向班长申请并填写《调班申请表》。
security_duty,迟到早退的处罚标准是什么？,根据《考勤管理制度》规定：迟到或早退10分钟以内，口头警告并记录在案，当月累计3次扣发当月绩效工资的10%；迟到或早退10-30分钟，书面警告一次，扣发当日工资的200%；迟到或早退超过30分钟按旷工半天处理，扣发当日工资的300%；旷工一天扣发3日工资并给予严重警告处分；当月累计旷工3天或年度累计旷工5天予以辞退。所有考勤异常须在24小时内由本人提交书面说明。
security_duty,请假审批流程是怎样的？,请假审批按照权限分级管理：请假1天以内由班长审批；请假2-3天由中队长审批；请假3天以上由项目经理审批。流程为：本人提前填写《请假申请单》，注明请假事由、起止时间和联系方式，附相关证明材料（病假须附医院诊断证明），按审批权限逐级签批。紧急情况下可先电话请假，但须在返岗后4小时内补办书面手续。未经批准擅自离岗按旷工处理。全年事假累计不得超过15天。
security_duty,对讲机使用有哪些规范和注意事项？,对讲机使用规范：第一，开机后检查电量和频道设置，默认使用项目指定频道（通常为频道3）；第二，通话时使用标准呼叫用语，先报自己编号再呼叫对方；第三，每次通话时间不超过30秒，长话短说；第四，严禁使用对讲机闲聊、开玩笑或谈论与工作无关内容；第五，每2小时检查一次电量，低于30%时须更换电池或充电；第六，对讲机实行专人专机，编号登记，遗失或人为损坏按原价赔偿；第七，交接班时须检查对讲机外观和功能状态。
security_duty,执法记录仪在什么情况下必须使用？,以下情况必须使用执法记录仪：第一，门卫对进出人员和车辆进行检查时；第二，巡逻中发现可疑人员进行盘问时；第三，处置各类突发事件和纠纷时；第四，协助公安机关执行任务时；第五，进行安全检查并发现隐患需要取证时；第六，与来访人员进行交涉沟通时。执法记录仪须全程不间断录像，严禁选择性录制。录像资料保存期限不少于30天，涉及事件的录像保存至事件处理完毕后6个月。每日下班前须将当日录像导入存储系统并充电。
security_duty,安检设备日常操作和维护要求是什么？,安检设备操作要求：X光安检机开机前须检查传送带有无障碍物，开机预热5分钟后方可使用。操作员须经过专业培训并取得操作资格证书。金属探测门灵敏度每日开机后使用标准测试块（含铁量0.5克）校准一次。手持金属探测器使用前须自检确认灵敏正常，电池电量充足。维护要求：每日下班前擦拭设备表面灰尘，每周对X光机进行一次内部清洁，每月由专业技术人员对设备进行全面检测保养，检测结果记录在《设备维护台账》中。
security_duty,防暴器材包括哪些？使用时有什么规定？,防暴器材主要包括：防暴钢叉、防暴盾牌、橡胶警棍、催泪喷射器、防刺手套和防暴头盔。使用规定：防暴器材仅用于正当防卫和制止违法犯罪行为，严禁用于恐吓或惩罚他人。催泪喷射器仅在对方具有暴力攻击行为且口头警告无效时使用，喷射距离为1.5-3米，对准对方面部喷射1-2秒。使用后须立即报告项目经理并通知客户单位，同时做好现场录像取证。防暴器材每月检查一次，橡胶警棍每2年更换一次，催泪喷射器有效期为3年，到期须及时更换。
security_duty,与客户单位的日常沟通机制是怎样的？,日常沟通机制包括：第一，每日由班长与客户单位对接人进行工作对接，通报当日安保工作安排和需注意的事项；第二，每周五由项目经理主持召开周例会，参加人员包括客户单位安全主管、各班长，总结本周工作并安排下周任务；第三，每月由公司领导带队拜访客户单位，召开月度协调会，提交《月度安保工作报告》；第四，建立微信工作群，用于日常信息传递和即时沟通，重要通知须同时以书面形式确认。
security_duty,客户单位提出投诉如何处理？,接到客户投诉后按以下流程处理：第一，接到投诉后30分钟内由项目经理联系客户了解具体情况并致歉；第二，2小时内完成内部调查核实，查明事件经过和责任人；第三，24小时内向客户提交书面《投诉处理报告》，包括事件经过、原因分析、整改措施和责任人处理意见；第四，3个工作日内完成整改措施的落实；第五，一周内由项目经理回访客户确认满意度。投诉处理全过程须记录在《客户投诉登记表》中，作为年度考核依据。
security_duty,与客户单位发生合同纠纷怎么处理？,发生合同纠纷时：第一，由项目经理在第一时间向公司运营管理中心报告纠纷的具体情况；第二，运营管理中心在24小时内组织法务部门进行分析和评估；第三，由法务部门牵头与客户单位进行协商沟通，项目经理配合提供相关证据材料；第四，协商不成的，按照合同约定的争议解决方式处理（通常为仲裁或诉讼）；第五，纠纷处理期间，现场安保服务不得降低标准，各岗位人员须照常履行职责。所有合同相关往来函件须存档备查。
security_duty,保安员着装规范有哪些具体要求？,保安员着装规范要求：第一，工作期间必须统一穿着公司配发的保安制服，保持服装整洁无褶皱，纽扣扣好，衣领翻正；第二，佩戴统一编号的工作胸牌，位置在左胸口袋上方；第三，穿着黑色皮鞋，保持干净光亮，严禁穿运动鞋或拖鞋上岗；第四，冬季可配发统一款式的执勤大衣，严禁穿个人衣物替代；第五，制服不得与便服混穿，不得披衣、敞怀、挽袖、卷裤腿；第六，非工作时间不得穿着制服出入娱乐场所。
security_duty,保安员仪容仪表有什么标准？,仪容仪表标准：头发整洁，男队员不留长发（前不过眉、侧不盖耳、后不及领），女队员长发须束起；面部清洁，男队员不留胡须，女队员不化浓妆；指甲修剪整齐，不留长指甲，不涂有色指甲油；不佩戴夸张首饰（婚戒除外），不戴耳环、耳钉；不纹身或纹身不外露；口气清新，上岗前不得饮酒或食用有刺激性气味的食物。班长每日上岗前逐一检查，不符合标准的责令整改后方可上岗。
security_duty,日常安全检查的重点内容有哪些？,日常安全检查重点内容包括：第一，消防设施检查，包括灭火器压力是否正常（指针在绿色区域）、消防栓配件是否齐全、疏散通道是否畅通、应急照明是否正常工作；第二，安防设备检查，包括监控摄像头是否正常运转、门禁系统是否灵敏、红外报警器是否工作正常；第三，物理防范检查，包括围墙围栏是否完好、门窗锁具是否牢固、照明设施是否完好；第四，制度落实检查，包括各岗位值班记录是否完整、巡逻是否按时执行。检查结果每日汇总上报。
security_duty,发现安全隐患后的处理流程是什么？,发现安全隐患后按以下流程处理：第一，立即对隐患进行拍照或录像记录，记录隐患位置、类型和发现时间；第二，评估隐患风险等级：一般隐患（不影响即时安全）在2小时内报告班长并填写《安全隐患报告单》；重大隐患（可能立即造成危害）立即报告项目经理并同时采取临时防护措施；第三，班长或项目经理现场核实确认后制定整改方案；第四，一般隐患24小时内完成整改，重大隐患立即整改并上报客户单位；第五，整改完成后由项目经理验收确认并销号。
security_duty,违禁品查处的标准和程序是什么？,违禁品分为三类：第一类为管制物品（枪支弹药、管制刀具、爆炸物品），发现后立即控制持有人并报警移交公安机关处理；第二类为危险物品（易燃液体、腐蚀性物品、有毒物质），予以暂扣并通知客户单位安全部门处理，同时做好登记记录；第三类为违规物品（酒精饮料、大功率电器等），予以登记暂存，通知物主在3个工作日内领取，逾期按无人认领物品处理。所有查获违禁品须填写《违禁品查处登记表》，由当事人签字确认。
security_duty,监控中心值班员的工作职责是什么？,监控中心值班员职责：第一，24小时不间断监视所有监控画面，发现异常情况立即通知巡逻岗位和班长；第二，熟练操作监控设备，能够快速调取指定区域的实时画面和历史录像；第三，接收各岗位对讲机报告并做好记录，及时传达指挥中心的指令；第四，管理门禁系统的远程授权开门操作，核实申请人员身份后方可操作；第五，每日检查监控系统运行状态，发现故障在30分钟内报修；第六，严格保密，不得向无关人员透露监控内容和安保部署信息。
security_duty,保安员在执勤中被殴打或辱骂应该如何处理？,被殴打或辱骂时应遵循打不还手、骂不还口原则，同时做好以下工作：第一，保持冷静克制，立即后退至安全距离，开启执法记录仪全程录像；第二，通过对讲机请求支援，说明具体位置和对方情况；第三，班长和支援人员3分钟内到达现场，将双方隔离；第四，如对方持续攻击造成人身伤害，可进行正当防卫但须控制力度，同时拨打110报警；第五，及时就医验伤并保留所有医疗凭证；第六，事后24小时内提交书面事件报告。公司将为受伤队员申请工伤认定。
security_duty,保安员的培训考核制度是怎样的？,培训考核分为三个层次：入职培训不少于40学时，内容包括法律法规、职业道德、岗位技能、体能训练和消防知识；在岗培训每月不少于8学时，包括队列训练、技能复训、案例分析和应急演练；专项培训根据需要进行，如新设备操作培训、客户单位特殊要求培训等。考核方式：入职培训结束进行理论和实操考核，80分合格；在岗培训每季度进行一次综合考核，不合格者补训后重考，连续两次不合格予以调岗或辞退。培训记录存入个人档案。
security_duty,保安员岗位职责中三知三能三做到是什么？,三知：知本岗位职责和任务、知本区域基本情况（包括建筑布局、重点部位、疏散通道）、知各类应急预案的处置流程。三能：能熟练使用各类安保器材和消防设备、能正确识别和处置各类安全隐患、能规范撰写值班记录和工作报告。三做到：做到文明执勤礼貌待人、做到遵纪守法廉洁自律、做到服从命令听从指挥。这是每位保安员入职培训必须掌握的基本内容，也是季度考核的重点项目。
security_duty,门卫夜间值守有什么特殊注意事项？,夜间门卫值守注意事项：第一，22:00后关闭非必要出入口，仅保留主出入口通行，其余通道锁闭；第二，所有进入人员车辆必须严格检查，不得因夜间而简化流程；第三，每隔30分钟起身巡视岗位周边区域一次，防止打瞌睡导致失控；第四，保持岗位照明充足，门禁系统和监控设备正常运行；第五，严禁夜间在岗位上睡觉、看视频或做与工作无关的事情；第六，遇到敲门来访者须先通过监控或窗口确认身份再开门。夜间值班人员每2小时向监控中心报告一次。
security_duty,保安员如何正确使用灭火器？,灭火器使用遵循提、拔、握、压四步操作法：第一步提，提起灭火器快速赶赴火场，途中摇晃灭火器使干粉松散；第二步拔，拔掉保险销（黄色拉环）；第三步握，一手握住喷管前端对准火焰根部，另一手按压把手；第四步压，用力压下把手喷射，由近及远、左右扫射推进。注意：站在上风口位置，距离火源2-3米处喷射；干粉灭火器喷射时间约15-20秒，须一次扑灭；电气火灾先断电再灭火；油类火灾不得用水灭火。
security_duty,遇到媒体记者采访应该怎么处理？,保安员遇到媒体记者采访应遵循以下原则：第一，礼貌接待，请记者出示记者证件并记录姓名、单位和联系方式；第二，告知记者须联系客户单位宣传部门或公司办公室办理采访手续，保安员个人不接受采访；第三，不得对记者的采访行为进行阻拦或发生冲突，但须报告班长和项目经理；第四，如记者在安保区域内进行拍摄，须确认是否经过批准，未经批准的应礼貌劝阻；第五，严禁向媒体透露任何涉及客户单位内部信息和安保工作细节。
security_duty,保安员在什么情况下可以使用约束性措施？,保安员仅在以下情况可以使用必要的约束性措施：第一，发现正在实施违法犯罪行为的人员，在报警等待期间为防止其逃跑或继续危害，可以采取合理的徒手控制措施；第二，对于醉酒闹事、精神异常等不能控制自己行为且危及他人安全的人员，在报警后可以采取保护性约束措施；第三，约束过程中严禁使用殴打、体罚或侮辱性手段，约束力度以制止违法行为为限；第四，使用约束措施后须立即报告项目经理并通知客户单位，全程录像取证，6小时内提交书面报告。
security_duty,保安员年度体检和保险是怎么规定的？,公司每年为在岗保安员安排一次健康体检，体检项目包括常规检查、血常规、肝功能、心电图等，体检费用由公司承担。体检不合格者安排复查，确实不适合继续从事安保工作的予以调岗。保险方面：公司为全体保安员缴纳社会保险（五险），同时额外购买人身意外伤害保险，保额为每人30万元。执勤中受伤的，除工伤保险待遇外，公司另行发放慰问金。保险理赔由人力资源部统一办理，个人须配合提供相关材料。
security_duty,保安员文明执勤的基本要求是什么？,文明执勤基本要求：第一，使用文明用语，做到请字当头、您字优先，如请您出示证件、感谢您的配合；第二，说话态度和蔼，语速适中，声调平和，不得高声呵斥或使用命令式语气；第三，面对不配合的人员须耐心解释，不得与对方争吵或发生口角；第四，检查过程中尊重个人隐私，女性检查须由女性安保人员进行；第五，遇到老弱病残孕等特殊群体应主动提供帮助；第六，严禁利用职务之便谋取私利，不得收受好处或故意刁难。
security_duty,保安队的内务管理标准是什么？,内务管理标准参照半军事化管理模式：第一，宿舍内床铺整洁，被褥叠放整齐统一（豆腐块标准），床下鞋子摆放成一条线；第二，个人物品放入指定储物柜内，柜外不得堆放杂物；第三，宿舍每日清扫，每周大扫除一次，由班长检查评分；第四，公共区域（活动室、卫生间、洗漱间）按值日表轮流打扫；第五，22:30熄灯就寝，严禁在宿舍内饮酒、赌博、大声喧哗；第六，每月评选一次内务标兵，给予200元奖励。内务检查不合格限期整改并扣减绩效分。
security_duty,保安员遇到领导检查时应怎么做？,遇到领导检查时：第一，在岗人员应起立问好，主动报告当前值班情况；第二，配合检查工作，如实回答询问，不得隐瞒或虚报情况；第三，如检查人员需要查阅值班记录或相关资料，应及时提供；第四，对检查人员提出的问题和整改要求认真记录；第五，检查结束后继续正常执勤，不得因检查影响正常工作秩序。注意：不因检查而擅自离岗或减岗，确保各岗位始终有人在位。
security_duty,恶劣天气条件下安保工作有什么特殊安排？,恶劣天气（暴雨、大雪、台风等）条件下的特殊安排：第一，启动恶劣天气应急预案，增派人员加强外围巡查；第二，为室外执勤人员配发雨具、防寒衣物等防护装备，连续室外作业不超过2小时须轮换；第三，检查排水系统是否畅通，准备沙袋等防汛物资；第四，在易滑区域铺设防滑垫并设置警示标志；第五，加强对临时搭建物、广告牌等的巡查，发现隐患及时排除；第六，保持与客户单位的密切沟通，根据实际需要调整勤务部署。
security_duty,保安员保密制度有哪些要求？,保密制度要求：第一，不得向任何无关人员透露客户单位的内部布局、安保部署、人员作息等信息；第二，不得在社交媒体上发布涉及工作场所的照片和信息；第三，不得复制、传播客户单位的文件资料；第四，离职后仍须遵守保密义务，保密期限为离职后2年；第五，违反保密规定的视情节轻重给予警告、罚款直至辞退处理，造成严重后果的依法追究法律责任。入职时须签署《保密承诺书》。
security_duty,如何正确处理拾获物品？,拾获物品处理流程：第一，在监控覆盖区域内由两名以上保安员共同清点拾获物品，填写《拾获物品登记表》，记录拾获时间、地点、物品清单和拾获人信息；第二，有监控录像佐证的须标注录像编号；第三，贵重物品（现金、首饰、电子设备等）交由项目经理保管并存入保险柜；第四，一般物品存放在指定失物招领处；第五，失主认领时须核实身份并签字确认，贵重物品须出示购买凭证；第六，物品保管期限为6个月，逾期无人认领按公司规定处理。
security_duty,保安队班长的职责和权限有哪些？,班长职责权限：第一，负责本班组日常管理和工作安排，确保各岗位人员在位、装备齐全；第二，每日组织召开班前会和班后会，传达上级指示和注意事项；第三，对本班组人员执勤情况进行监督检查，发现问题及时纠正；第四，处置本区域内的一般性突发事件，重大事件立即上报；第五，审核本班组人员的考勤记录和巡逻记录；第六，负责新队员的带教培训；第七，有权对违规队员进行口头警告并记录上报。班长须具有2年以上安保工作经验。
armed_escort,押运任务接收和方案制定的流程是什么？,押运任务接收流程：第一，业务部门接到客户押运需求后，填写《押运任务通知单》，注明押运标的、数量、起止地点、时间要求和特殊需求；第二，运营管理中心在2小时内完成任务评估，确定押运等级（A级为现金押运、B级为贵重物品押运、C级为普通物品押运）；第三，根据押运等级制定押运方案，包括人员编组、车辆配置、行驶路线、通讯频率和应急预案；第四，方案经部门经理审批后下达至押运中队；第五，中队长在任务前一日召开任务部署会，明确各岗位职责。
armed_escort,押运人员编组是怎么规定的？,押运人员编组按照押运等级确定：A级押运（大额现金）编组不少于5人，包括车长1人、驾驶员1人、押运员2人、随车业务员1人，配备2支防暴枪；B级押运（贵重物品）编组不少于4人，包括车长1人、驾驶员1人、押运员1人、业务员1人，配备2支防暴枪；C级押运编组不少于3人，包括车长1人、驾驶员1人、押运员1人，配备1支防暴枪。所有编组人员须持有有效持枪证和押运从业资格证。车长由中队长或副中队长担任。
armed_escort,押运前车辆检查包括哪些内容？,押运前车辆检查由驾驶员和车长共同完成，须在出发前1小时进行。检查内容包括：第一，发动机启动是否正常，机油、水箱、电路有无异常；第二，轮胎气压是否正常，轮胎螺丝有无松动；第三，刹车系统是否灵敏有效；第四，车载通讯设备和GPS定位系统是否正常；第五，车厢门锁闭机构是否完好，报警装置是否工作正常；第六，灭火器是否在有效期内；第七，油量是否充足（不少于油箱容量的3/4）。检查结果填写《车辆出勤检查表》，双方签字确认。
armed_escort,押运任务出发前需要召开什么会议？,押运任务出发前须召开班前部署会（也称任务简报会），由车长主持，全体押运人员参加，时间不超过15分钟。会议内容包括：第一，通报本次任务的基本情况（押运标的、目的地、预计时间）；第二，宣布人员编组和各自岗位职责；第三，通报行驶路线和备用路线；第四，强调安全注意事项和天气路况信息；第五，检查各人员着装装备和证件是否齐全；第六，确认通讯频道和对讲机状态；第七，回答队员提出的问题。会议记录须存档备查。
armed_escort,押运枪械领用和归还的流程是什么？,领枪流程：第一，押运人员持《持枪证》和《枪械领用审批单》到枪弹库办理；第二，枪管员核实身份和审批手续后，从保险柜中取出指定枪支；第三，领枪人当面检查枪支外观、枪号是否与登记一致，枪机动作是否正常；第四，双方在《枪弹领用登记簿》上签字，记录领用时间、枪号、子弹数量；第五，领枪人将枪支装入专用枪套，子弹单独存放于弹药袋中（枪弹分离）。还枪流程相反：还枪时枪管员检查枪支完好性，清点剩余子弹，确认无误后双方签字注销，枪支入库上锁。
armed_escort,枪弹分离的具体要求是什么？为什么这样做？,枪弹分离是指枪支不装填子弹，弹药单独存放的管理制度。具体要求：第一，非执行押运任务期间，枪支和弹药必须分库存放，枪支存放在枪库保险柜内，弹药存放在弹药库专用保险柜内；第二，押运途中，枪支由押运员持握，但子弹不装入弹匣，弹药单独存放在密封弹药袋中；第三，只有在接到车长明确指令且确认面临实际威胁时，方可完成装弹上膛操作；第四，任务结束后回到枪库先退弹再还枪。这样做的目的是最大限度防止走火事故，确保枪支在非紧急状态下不具备发射条件。
armed_escort,押运途中持枪规范是什么？,押运途中持枪规范：第一，押运员在车厢内持枪时，枪口朝下45度角，食指放在扳机护圈外，严禁手指放在扳机上；第二，枪支保险处于关闭状态，未经车长命令不得打开保险；第三，持枪人员须保持警觉，目光注视车外情况，发现异常立即报告车长；第四，严禁将枪支交给非持枪人员或其他无关人员；第五，严禁持枪时睡觉、进食或做与执勤无关的事情；第六，下车警戒时采用低姿持枪姿势，枪口指向安全方向；第七，任何情况下严禁鸣枪示警（法律另有规定的除外）。
armed_escort,枪支丢失或被盗应该怎么处置？,枪支丢失或被盗属于特别重大事故，处置流程：第一，发现人立即报告车长，车长在5分钟内报告公司指挥中心和当地公安机关；第二，保护现场，回忆最后见到枪支的时间和地点，排查可能的丢失原因；第三，配合公安机关开展调查，提供相关人员信息和监控录像；第四，公司在24小时内逐级上报至省级公安机关治安管理部门；第五，启动内部追责程序，对直接责任人和管理责任人进行严肃处理；第六，丢失枪支信息录入全国枪支管理信息系统。枪弹库须实行双人双锁、24小时监控管理。
armed_escort,押运枪支的日常保养和维护要求是什么？,枪支日常保养维护要求：第一，每周由枪管员对库存枪支进行一次全面检查，包括枪管有无锈蚀、枪机动作是否灵活、瞄准具有无偏移；第二，每月进行一次试射检查，每支枪至少试射3发子弹检验射击性能；第三，枪支使用后（含训练）须在24小时内进行擦拭保养，使用专用枪油润滑；第四，枪弹库温度控制在15-25摄氏度，湿度不超过70%，配备除湿设备；第五，建立枪支档案，记录每支枪的出厂日期、配发时间、维修保养记录和射击次数；第六，枪支达到使用年限或射击次数超过规定标准的须及时报废更换。
armed_escort,押运车辆的行驶路线是如何规划的？,押运路线规划原则：第一，选择路况好、车流量适中的主干道，避开拥堵路段和事故多发路段；第二，每条任务路线须规划主路线和至少2条备用路线；第三，路线须避开学校、医院、集贸市场等人员密集场所（除非目的地在此）；第四，单程行驶时间尽量控制在60分钟以内；第五，路线信息属于机密资料，仅限车长和业务调度人员知晓，不得向其他人员透露；第六，每月对路线安全状况进行一次评估，根据道路施工、治安变化等情况及时调整。
armed_escort,押运车辆途中停车有什么规定？,押运车辆途中停车规定：第一，除遇到红灯、交通拥堵等正常交通情况外，严禁在途中随意停车；第二，确需临时停车（如车辆故障）时，须选择视线良好、人员较少的路段，打开双闪警示灯；第三，停车后押运员立即下车警戒，在车辆前后50米处设置警示标志；第四，驾驶员须留在驾驶位，保持发动机运转以便随时驶离；第五，停车超过5分钟须向调度中心报告位置和原因；第六，严禁在加油站、餐饮场所等非必要地点停车；第七，到达目的地后须在指定区域停车，车头朝向驶离方向。
armed_escort,押运车辆发生交通事故怎么处理？,押运车辆发生交通事故处置流程：第一，驾驶员立即打开双闪灯，车长评估事故严重程度和现场安全状况；第二，如事故不影响车辆行驶且无人员伤亡，拍照取证后迅速驶离现场至安全地点；第三，如车辆无法行驶，立即报告调度中心请求派遣接应车辆，同时安排人员警戒保护押运标的；第四，无论事故大小均须报警处理，由交警出具事故认定书；第五，如有人员受伤拨打120急救电话；第六，车长在30分钟内向公司提交书面事故报告；第七，启动保险理赔程序。押运标的绝对不得离开押运人员控制。
armed_escort,押运车辆出现故障时的应急处置流程是什么？,车辆故障处置流程：第一，驾驶员立即开启双闪警示灯，尽量将车辆滑行至路边安全地带；第二，车长立即向调度中心报告故障情况（包括位置、故障现象、能否现场修复）；第三，押运员下车在车辆前后50米设置三角警示牌，持枪警戒；第四，驾驶员尝试排除故障，如10分钟内无法修复，报告调度中心派遣救援车辆或备用车辆；第五，接应车辆到达后，在武装警戒下将款箱转移至接应车辆，双方清点确认签字；第六，故障车辆须有至少2人留守看管，直至拖回公司。
armed_escort,押运车辆的日常维护保养制度是什么？,押运车辆日常维护保养实行三检制度：出车前检查（机油、水箱、轮胎、刹车、灯光、通讯设备）、行车中检查（注意仪表盘指示、有无异响异味）、收车后检查（车身外观、油量补充、清洁整理）。定期保养：每行驶5000公里更换机油和机油格；每10000公里检查刹车片和空气滤网格；每半年进行一次全面保养（含发动机、底盘、电气系统）；每年进行车辆年检和保险续保。保养记录填入《车辆维护保养台账》，由车队长审核签字。车辆使用年限超过8年或行驶里程超过30万公里须强制报废。
armed_escort,款箱交接的标准流程是什么？,款箱交接标准流程：到达网点后，车辆停靠在指定位置（车头朝外），押运员下车持枪警戒形成安全圈；业务员携带专用款箱袋到达交接窗口；与网点工作人员核对交接单，确认款箱数量、编号和封签完好情况；双方当面清点并在《款箱交接登记簿》上签字盖章，注明交接时间；业务员将款箱装入专用袋并加锁后搬运至车辆，装车后确认锁闭牢固；全程押运员保持警戒直至装车完毕驶离。卸车流程相同。整个交接过程须在监控覆盖区域内完成，时间控制在10分钟以内。
armed_escort,款箱交接中发现数量不符或封签破损怎么处理？,发现数量不符或封签破损时：第一，业务员立即暂停交接，向车长报告异常情况；第二，车长通知客户单位业务主管部门，双方共同核实情况；第三，对异常情况拍照录像取证，记录款箱编号、封签状态和实际数量；第四，在交接单上注明异常情况并由双方签字确认；第五，将异常款箱单独存放并做好标记；第六，等待客户单位指示进行后续处理，不得擅自开封检查；第七，事后24小时内提交《异常情况报告》。在问题解决前，押运车辆不得驶离，押运人员须持续保持警戒。
armed_escort,款箱装车有什么具体要求？,款箱装车要求：第一，按照先卸后装的原则，将先到达的网点款箱放在车厢外侧便于先卸；第二，款箱须整齐码放，重箱在下轻箱在上，防止挤压变形；第三，款箱之间使用固定带固定，防止行驶中晃动碰撞；第四，款箱总数须与交接单一致，由业务员和车长双重清点确认；第五，车厢内不得放置与押运任务无关的物品；第六，装车完毕后关闭车厢门并上锁，由车长检查确认锁闭状态；第七，在交接单上记录装车完成时间和款箱数量，双方签字。
armed_escort,网点交接时警戒区域如何设置？,网点交接警戒设置：第一，车辆到达后，两名押运员分别在车辆两侧下车，形成以车辆为中心半径15米的警戒区域；第二，押运员站位应能覆盖街道两端来人和网点入口方向，形成交叉视野；第三，持枪姿势为低姿戒备，枪口朝向安全方向，随时准备应对突发情况；第四，警戒期间严禁与无关人员交谈或注意力分散；第五，如发现可疑人员或车辆靠近警戒区域，立即口头警告其远离；第六，业务员完成交接上车后，押运员最后撤离，依次上车；第七，全程保持通讯畅通，随时与车长保持联系。
armed_escort,押运途中遭遇抢劫应该如何处置？,遭遇抢劫处置流程：第一，车长立即下达战斗命令，押运员迅速下车占据有利地形进行警戒；第二，驾驶员立即驾车驶离危险区域（首选方案），同时通过对讲机向调度中心和110报警；第三，如车辆无法驶离，押运员利用车辆作为掩体进行防卫，车长有权依法使用枪支进行自卫；第四，报警时说明：位置、对方人数和武器情况、押运标的类型、是否有人员伤亡；第五，严禁押运人员主动追击或离开警戒区域；第六，如已造成损失，保护现场等待警方到达；第七，事后6小时内提交详细书面报告。每半年至少进行一次反抢劫实战演练。
armed_escort,押运途中遇到道路被堵或路障怎么办？,遇到道路被堵或路障时：第一，驾驶员立即减速并准备掉头或绕行，严禁强行通过；第二，车长迅速评估现场情况，判断是否为人为设障或意外情况；第三，如判断可能为人为设障（可疑车辆或人员），立即倒车驶离并启用备用路线；第四，如确认为交通事故等意外路障且无法绕行，报告调度中心请求交警支援开路；第五，等待期间押运员下车持枪警戒，保护车辆和押运标的；第六，严禁任何押运人员离开车辆去查看路障情况；第七，情况解除后继续执行任务或按调度中心指令行动。
armed_escort,押运人员突发疾病或受伤怎么处理？,押运人员突发疾病或受伤处置：第一，车长立即评估患者状况，判断是否需要紧急送医；第二，如情况紧急（如心脏骤停、大出血等），立即拨打120并就近送往医院；第三，同时报告调度中心请求派遣替换人员和车辆；第四，在等待救援期间，其他押运人员继续履行警戒职责，确保押运标的绝对安全；第五，替换人员到达后完成岗位交接，患病人员由专人陪同就医；第六，事后了解病因和恢复情况，安排适当岗位；第七，如患有传染性疾病或不适合继续押运工作的，暂停其押运任务直至康复。
armed_escort,押运途中的通讯报告制度是什么？,押运通讯报告制度：第一，出发时向调度中心报告：出发时间、人员车辆编组、行驶路线；第二，行驶途中每15分钟向调度中心报告一次位置和情况（使用GPS自动报告加人工确认）；第三，到达每个网点时报告到达时间和警戒情况；第四，完成全部任务返回时报告返回时间和任务完成情况；第五，遇到任何异常情况立即报告，不受定时报告限制；第六，通讯内容使用规定暗语，不得在公开频道透露押运标的信息；第七，通讯记录由调度中心保存，保存期限不少于6个月。
armed_escort,押运通讯设备使用有什么规定？,押运通讯设备使用规定：第一，押运车辆配备车载电台、手持对讲机和备用手机三种通讯工具；第二，车载电台为主通讯工具，使用公司专用频率，出发前检测通讯质量；第三，手持对讲机为辅助通讯工具，下车警戒时使用，有效通讯距离不低于2公里；第四，备用手机存放于车长处，仅在主要通讯工具故障时使用；第五，通讯设备须每日检查电量和功能，电量不足时及时充电或更换电池；第六，严禁使用通讯设备谈论与工作无关的内容；第七，通讯设备故障须在30分钟内报告调度中心并采取替代通讯方案。
armed_escort,通讯中断时押运车辆应该怎么做？,通讯中断时的处置程序：第一，车长立即判断中断原因（设备故障或信号盲区），尝试切换备用通讯工具；第二，如所有通讯工具均无法使用，车辆应立即驶往最近的有信号区域或回到公司基地；第三，通讯中断期间，严格按照预定路线和计划执行任务，不得变更路线或停靠计划外地点；第四，调度中心发现某车辆通讯中断超过5分钟，立即尝试联系并通知就近车辆前往确认；第五，通讯中断超过15分钟且无法恢复的，调度中心派遣备用通讯人员前往支援；第六，通讯恢复后第一时间报告位置和情况。
armed_escort,押运标的的保险是怎么规定的？,押运标的保险规定：第一，公司为每次押运任务购买货物运输保险，保险金额按押运标的实际价值确定；第二，保险责任范围包括：交通事故造成的损失、自然灾害造成的损失、抢劫盗窃造成的损失、火灾爆炸造成的损失；第三，保险免赔条款：因客户单位隐瞒标的真实性质导致的损失不赔；因押运人员违规操作（如擅自改变路线、私自开箱等）导致的损失不赔；第四，理赔流程：事故发生后24小时内报案，提供事故证明、损失清单和相关证据，保险公司15个工作日内完成定损赔付；第五，保险费用由客户单位承担，计入押运服务费。
armed_escort,押运过程中造成损失赔偿责任如何划分？,赔偿责任划分原则：第一，因不可抗力（自然灾害、战争等）造成的损失，押运公司不承担赔偿责任；第二，因客户单位原因（如提供虚假信息、包装不当等）造成的损失，由客户单位自行承担；第三，因押运公司人员违规操作造成的损失，押运公司按合同约定承担赔偿责任，但赔偿上限不超过押运标的保险金额；第四，因第三方原因（如交通事故对方责任）造成的损失，由责任方承担赔偿，押运公司协助追偿；第五，内部追责：对因个人过错造成损失的直接责任人，公司有权追偿不超过其年收入30%的损失。
armed_escort,从事武装押运工作需要哪些资质和证件？,武装押运人员资质要求：第一，年龄22-45周岁，身体健康，身高不低于1.70米（男性）或1.60米（女性）；第二，学历要求高中及以上，退伍军人优先录用；第三，无犯罪记录，须提供户籍所在地公安机关出具的无犯罪记录证明；第四，持有《保安员证》和《武装押运从业资格证》；第五，押运员须持有《持枪证》，经省级公安机关考核合格后核发；第六，驾驶员须持有B1及以上驾驶证和《营运驾驶员从业资格证》，3年以上安全驾驶经历；第七，每年参加不少于40学时的继续教育培训并通过考核。
armed_escort,持枪证的考取和年审流程是什么？,持枪证考取流程：第一，由公司推荐符合条件的押运人员向所在地市级公安机关治安部门提出申请；第二，提交材料包括：申请表、身份证复印件、体检证明、无犯罪记录证明、培训合格证明；第三，参加公安机关组织的理论和实操培训（不少于80学时），内容包括枪支知识、射击技能、法律法规和安全操作；第四，参加统一考试，包括理论笔试（法律法规和枪支知识）和实弹射击考核（25米距离手枪射击，合格率不低于80%）；第五，考试合格后由公安机关核发《持枪证》。年审：每年年审一次，审验内容包括年度培训考核成绩、心理健康评估和无违规记录。
armed_escort,押运人员的心理健康管理是怎么做的？,押运人员心理健康管理：第一，入职时进行心理健康测评，使用SCL-90等专业量表筛查，不合格者不予录用；第二，每年进行至少一次心理健康复检，重点关注焦虑、抑郁、冲动等人格特征；第三，配备专兼职心理咨询师，为队员提供心理咨询服务，严格保密；第四，执行重大任务前后进行心理状态评估，状态不佳者暂停执行任务；第五，每月组织一次心理健康讲座或团体辅导活动；第六，建立心理档案，对高风险人员进行重点关注和干预；第七，严禁有严重心理问题的人员接触枪支。
armed_escort,押运人员的体能训练标准是什么？,体能训练标准：第一，每日出早操30分钟，包括跑步、队列训练和基本功练习；第二，每月进行一次体能考核，考核项目包括：1000米跑（4分30秒以内合格）、俯卧撑（35个以上合格）、仰卧起坐（40个以上合格）、引体向上（8个以上合格）；第三，每季度进行一次综合体能测试，增加3000米武装越野项目；第四，体能考核不合格者安排补训，连续两次不合格调离押运岗位；第五，年龄40岁以上人员考核标准适当放宽10%；第六，体能训练成绩纳入年度绩效考核，占比15%。
armed_escort,夜间押运有哪些特殊规定和要求？,夜间押运（19:00至次日6:00）特殊规定：第一，夜间押运须经部门经理特别批准，非必要尽量安排在白天执行；第二，编组人数在标准基础上增加1人；第三，车辆须开启全部灯光设备，增加车载探照灯；第四，行驶速度不超过60公里/小时（白天为80公里/小时），加大与前车的安全距离；第五，每10分钟通讯报告一次（白天为15分钟）；第六，网点交接时增加使用强光照明设备，确保交接区域亮度充足；第七，押运人员夜间出勤补贴每班次30元；第八，连续执行夜间押运任务不得超过3天，之后须安排至少1天休息。
armed_escort,节假日押运任务有什么特殊安排？,节假日押运特殊安排：第一，节假日期间（含春节、国庆等长假）提前一周制定专项押运计划，与客户单位确认网点营业时间和押运需求变化；第二，编组人员增加1人，车长由中队长亲自担任；第三，所有人员取消休假，全员在岗待命，备勤力量增加一倍；第四，押运前对车辆和枪械进行全面检查维护；第五，加强与公安机关的信息沟通，了解辖区治安状况；第六，节假日期间押运人员享受3倍工资待遇；第七，每日任务结束后召开总结会，分析当日情况并调整次日方案；第八，公司领导带班值守，确保指挥畅通。
armed_escort,重大活动期间的押运保障方案怎么制定？,重大活动押运保障方案制定：第一，提前15天成立专项保障工作组，由公司领导任组长；第二，与客户单位召开协调会，明确保障范围、时间、标准和特殊要求；第三，对参与人员进行政治审查和背景复核；第四，规划专用押运路线，提前与交管部门报备协调；第五，增派武装护卫力量，必要时协调公安机关派出警力随行；第六，制定多级应急预案，包括反恐、交通、天气等各类突发情况；第七，建立24小时值班制度，指挥中心主任在岗带班；第八，配备应急保障车辆和人员随时待命。活动期间每日进行安全评估和方案调整。
armed_escort,跨区域押运任务需要注意什么？,跨区域押运注意事项：第一，提前向目的地公安机关报备，办理跨区域押运许可手续；第二，了解途经地区和目的地的治安状况、路况信息和天气情况；第三，与目的地公安机关建立联络机制，获取必要的警力支援；第四，携带完整的证件材料（持枪证、押运许可证、介绍信等）以备沿途检查；第五，枪弹管理按照出发地标准执行，同时遵守途经各地的枪支管理规定；第六，长途押运（单程超过200公里）须增加驾驶员轮换，每2小时换驾一次；第七，途中住宿须选择有安全保障的指定场所，安排专人值守车辆。
armed_escort,押运工作中如何防范内部风险？,内部风险防范措施：第一，严格执行岗位轮换制度，同一网点押运人员每3个月轮换一次，防止形成利益关系；第二，实行背景审查制度，每年对全体押运人员进行一次背景复查，重点关注异常消费、涉赌涉毒等情况；第三，执行相互监督制度，押运编组成员之间互相监督，发现异常行为有义务报告；第四，款箱实行双人双锁管理，任何单人无法独立打开；第五，安装车载监控和GPS定位，全程记录押运过程；第六，建立举报奖励制度，对举报内部违规行为的人员给予奖励并严格保密；第七，定期开展警示教育，通报行业内的典型案例。
armed_escort,押运车辆的防弹防暴标准是什么？,押运车辆防弹防暴标准：第一，车体采用专用防弹钢板焊接，防弹等级达到B级标准（可抵御7.62毫米步枪弹在10米距离的射击）；第二，防弹玻璃厚度不低于25毫米，可承受同口径弹药射击；第三，轮胎使用防爆轮胎，即使被子弹击中仍能以50公里/小时速度行驶50公里；第四，车厢采用整体密封结构，配备催泪瓦斯喷射装置用于反劫持；第五，车门配备电子密码锁和机械锁双重锁闭系统；第六，整车每年由专业机构进行一次防弹性能检测，不合格立即停用维修。
armed_escort,押运任务中车长的职责和权限有哪些？,车长职责权限：第一，车长是本次押运任务的最高负责人，对任务安全和人员管理负总责；第二，有权根据现场情况下达作战命令，包括出发、停车、警戒、撤离等指令，全体押运人员必须服从；第三，负责与调度中心和客户单位的联络协调；第四，有权在紧急情况下决定变更行驶路线或中止任务；第五，负责监督枪弹管理规定的执行，下达装弹和退弹命令；第六，负责处置突发事件的现场指挥；第七，任务结束后负责撰写任务报告并提交中队长审核；第八，有权对违反纪律的队员进行当场批评和事后建议处分。
armed_escort,押运服务中客户单位需要配合的事项有哪些？,客户单位配合事项：第一，提供准确的押运需求信息，包括标的种类、数量、交接时间和地点；第二，在网点设置符合标准的交接区域，要求有监控覆盖、照明充足、有专用停车位；第三，安排专人按时到场办理交接手续，避免押运人员长时间等待；第四，如遇网点装修、道路施工等影响押运的情况，须提前3个工作日书面通知押运公司；第五，配合押运公司进行安全评估，提供必要的安防设施改进；第六，按照合同约定及时支付押运服务费用和保险费用；第七，发生异常情况时及时与押运公司沟通协商，共同制定解决方案。
armed_escort,武装押运的法律法规依据主要有哪些？,武装押运主要法律法规依据：第一，《专职守护押运人员枪支使用管理条例》（国务院令第349号），规定了枪支使用条件和管理要求；第二，《保安服务管理条例》（国务院令第564号），明确了武装押运的法律地位和基本要求；第三，《公安机关实施保安服务管理条例办法》，细化了押运人员资质和监管要求；第四，《枪支管理法》，规定了公务用枪的配置、管理和使用规范；第五，《保安武装守护押运服务安全操作指南（试行）》，提供了具体操作标准；第六，各省出台的实施细则和地方性法规。从业人员须熟练掌握上述法规的核心条款。
armed_escort,押运途中遇到交通管制或道路封闭怎么处理？,遇到交通管制或道路封闭时：第一，驾驶员立即减速，车长通过对讲机向调度中心报告情况；第二，调度中心立即启动备用路线方案并通知车长；第三，如持有押运任务证明，车长可向现场交警说明情况请求优先通行，交警通常会安排引导通过；第四，如无法获得通行许可，按照备用路线绕行，同时报告预计延误时间；第五，通知接收方网点做好延迟接收准备；第六，绕行期间加强警戒，特别是在不熟悉的路线上；第七，如交通管制范围较大导致无法到达目的地，报告调度中心决定是否中止任务并返回。
armed_escort,押运车辆发生交通事故且车辆无法行驶时如何保护押运标的？,车辆无法行驶时保护押运标的的流程：第一，车长立即下达警戒命令，押运员下车在事故车辆周围建立30米警戒圈；第二，向调度中心报告事故情况和请求接应车辆支援；第三，拨打122交通事故报警电话和110请求警力支援；第四，在接应车辆到达前，所有押运人员持枪警戒，任何人不得离开岗位；第五，接应车辆到达后，在双方车长共同监督下转移款箱，逐一清点确认并签字；第六，原车辆由至少2名押运员留守看管直至拖走；第七，全程保持录像取证。押运标的在任何情况下不得脱离武装看管。
armed_escort,押运人员饮酒后上岗的处理规定是什么？,押运人员饮酒后上岗的处理规定：第一，每日出车前由车长对全体人员进行酒精检测，使用便携式酒精测试仪；第二，酒精含量检测结果大于或等于20mg/100ml的，立即停止其执行本次任务；第三，饮酒后上岗属于严重违纪行为，首次发现给予记过处分并扣发当月全部绩效工资；第二次发现予以辞退；第四，因饮酒导致事故或严重后果的，依法追究法律责任并予以辞退；第五，同编组人员明知对方饮酒而不报告的，承担连带责任；第六，执行任务前12小时内严禁饮酒，包括啤酒、红酒等所有含酒精饮品。
armed_escort,押运服务合同的续签和终止条件是什么？,合同续签条件：第一，合同到期前60天双方启动续签协商；第二，合同期内服务考核评分达到80分以上（满分100分）的，享有优先续签权；第三，双方就服务价格、服务范围等条款达成一致后签署续签协议。合同终止条件：第一，合同到期且双方未达成续签意向的，合同自然终止；第二，一方严重违约（如连续3个月未支付服务费或连续发生重大安全事故），另一方有权提前30天书面通知终止合同；第三，因不可抗力导致合同无法继续履行的，双方协商终止；第四，合同终止后须完成款项结算、装备归还和资料移交等善后工作。
armed_escort,押运人员在工作中发现同事违规行为应该怎么做？,发现同事违规行为的处理：第一，对于一般违规行为（如着装不整、未按规定记录等），应当场提醒并要求改正；第二，对于严重违规行为（如违反枪弹管理规定、擅自离岗、饮酒上岗等），必须立即制止并向车长报告；第三，对于涉嫌违法的行为（如盗取押运标的、泄露押运信息等），应当立即向公司纪检部门或公安机关举报；第四，公司实行举报保护和奖励制度，对实名举报人严格保密并给予500-5000元奖励；第五，严禁打击报复举报人，违者予以辞退并追究法律责任；第六，知情不报的，视情节给予警告至记过处分。
armed_escort,武装押运中如何使用防卫器械？,防卫器械使用规范：押运人员配备的防卫器械包括橡胶警棍、催泪喷射器和防暴盾牌。使用条件：第一，仅在押运标的受到直接威胁或押运人员人身安全受到暴力侵害时使用；第二，使用前须口头警告对方停止侵害（紧急情况下可省略警告）；第三，使用力度以制止侵害为限，不得过度使用武力；第四，催泪喷射器使用距离为1.5-3米，喷射时间不超过2秒；第五，使用后须立即报告车长和调度中心，并做好现场记录；第六，严禁将防卫器械用于非执勤场合或交给无关人员使用；第七，每次使用后填写《防卫器械使用报告》存档。
armed_escort,押运公司如何保障信息安全？,信息安全保障措施：第一，押运路线、时间、标的等信息实行分级保密管理，知悉范围控制在最小必要范围；第二，调度系统采用加密通讯，GPS数据实时传输至专用服务器，设置访问权限控制；第三，押运人员的通讯设备不得连接互联网，严禁在社交媒体上发布工作相关信息；第四，客户资料和押运记录实行专人管理，纸质文件存放在保密柜中，电子数据加密存储；第五，离职人员须交回所有涉密资料并签署保密确认书；第六，每年组织一次信息安全培训和检查；第七，发生信息泄露事件的，追究相关人员责任，情节严重的移交司法机关处理。
armed_escort,押运员在网点等待期间应该做什么？,网点等待期间规定：第一，押运员须在车辆附近保持警戒姿态，不得远离车辆或进入网点内部；第二，保持通讯畅通，每5分钟向车长报告一次情况；第三，注意观察周围人员和车辆动态，发现可疑情况立即预警；第四，严禁在等待期间吸烟、进食、使用手机或做与警戒无关的事情；第五，驾驶员不得离开驾驶位，保持发动机运转状态；第六，等待时间超过15分钟的，车长应向调度中心报告并催促业务人员加快进度；第七，如遇网点工作人员要求押运人员协助搬运等非警戒职责的行为，应礼貌拒绝。
armed_escort,武装押运中如何防范社会工程学攻击？,防范社会工程学攻击措施：第一，严格执行身份核验制度，任何声称有领导指示或特殊情况要求变更流程的，均须通过官方渠道核实确认；第二，不得向电话或网络询问者透露押运任务信息、路线、时间等；第三，对假冒客户单位人员、公安民警、银行工作人员等身份的，须查验证件并通过官方电话二次确认；第四，发现有人试图套取押运信息的，立即报告车长并记录对方特征；第五，定期开展反社会工程学培训，提高全员防范意识；第六，建立信息核实白名单制度，仅对白名单内人员进行信息通报。
armed_escort,押运车辆的GPS监控系统有哪些功能和要求？,GPS监控系统功能要求：第一，实时定位追踪，调度中心可实时查看每辆押运车的位置、速度、行驶方向；第二，电子围栏功能，车辆偏离预定路线超过500米自动报警；第三，速度监控，超过规定限速（城区60公里/小时、高速80公里/小时）自动记录并报警；第四，历史轨迹回放，可查询过去90天内的行驶记录；第五，紧急报警按钮，驾驶员遇到紧急情况可一键报警；第六，远程断油电功能，极端情况下调度中心可远程控制车辆减速停车；第七，系统数据每日备份，保存期限不少于180天。
armed_escort,押运任务完成后需要做哪些收尾工作？,任务完成收尾工作：第一，返回基地后先将车辆停放到指定位置，进行收车检查（油量、车况、清洁）；第二，到枪弹库办理还枪手续，退弹、检查枪支、入库登记；第三，业务员与网点确认当日交接款箱总数无误，双方在日报表上签字；第四，车长填写《押运任务日报表》，记录任务执行情况、途中异常事项、各网点交接时间等；第五，如发现设备损坏或车辆故障，填写报修单交车队长；第六，当日任务报表交中队长审阅签字后存档；第七，参加班后会，总结当日任务完成情况和安全注意事项。
armed_escort,押运公司如何处理客户投诉？,客户投诉处理流程：第一，接到投诉后15分钟内由运营管理中心响应，记录投诉内容和客户诉求；第二，1小时内启动内部调查，调取车载监控、GPS记录、通讯录音等资料核实情况；第三，24小时内向客户提交初步调查报告和处理方案；第四，对确认的责任人按照公司规定进行处理（如迟到扣罚、服务态度问题警告等）；第五，3个工作日内落实整改措施并书面反馈客户；第六，一周内由客服部门回访客户确认满意度；第七，将投诉案例纳入培训教材，防止类似问题再次发生。全年客户满意度目标不低于95%。
armed_escort,武装押运中如何应对无人机干扰和监控？,应对无人机干扰措施：第一，押运途中发现无人机跟踪或近距离飞行时，车长立即报告调度中心和公安机关；第二，使用车载反无人机设备（如配备）进行干扰驱离；第三，尽量将车辆驶入有遮挡的区域（如隧道、高架桥下、建筑物密集区）减少被监控；第四，严禁押运人员使用手机拍摄或指向无人机；第五，记录无人机的型号、颜色、飞行方向和持续时间；第六，如无人机投掷可疑物品，立即启动反恐应急预案，车辆加速驶离并报警；第七，重大任务前协调空管部门对押运路线实施临时禁飞。
